PetID,AdoptionSpeed
e2dfc2935,1
f153b465f,1
3c90f3f54,1
e02abc8a3,1
09f0df7d1,1
0487529d4,1
bae7c4b1c,1
548bcf206,1
0f82cea1e,1
a3787f15e,1
0113cedff,1
0070b950a,1
cbe2df167,1
37a0b72a4,1
669695dd6,1
be85036be,1
c2bbbdde2,1
6a968e033,1
3107d0aa7,1
9e11f1974,1
14bc519cd,1
cee2cdc6b,1
12799a2af,1
34af29aab,1
5bd1a9042,1
04d1a03dc,1
cdac529a3,1
6b593bbe2,1
9992b9fce,1
8c03c9a3b,1
1aafa4a3a,1
a1267e7b0,1
937ff0f91,1
3642a8eea,1
154acf309,1
dd5dc51dc,1
5890ff277,1
2191e428d,1
0ecec0922,1
28d7742b7,0
971c5506a,1
23b3f4aaf,1
0eb9916ad,1
de9f5bbd3,1
0a6d1c439,1
e46543f14,1
02a6a8de6,1
765e7a7f2,1
ee315cace,1
304ad649d,1
c213ae0ea,1
d08af6694,1
95cbd8f9c,1
9b28cb68c,1
dca7beb9a,1
cfb8bc1d4,1
c7dff16c4,1
66d9bc1e2,1
580439dd0,1
007311a1a,1
6ddb11a41,1
5cecb38b1,1
a31a8770c,1
c461e24e2,1
c5961f8fa,1
914aeca86,1
e15abf53d,1
5c06f5626,1
4ffa7cb1b,1
fe26e0eeb,1
bac997283,1
936196a6e,1
7e60a46d3,1
047968852,1
9436ee170,1
d7b32bca1,1
d40a093b0,1
1b7db58bc,1
e7218c51f,1
a3fdcb1b0,1
df789ba1a,1
55b35e1c7,1
46caeb331,1
92c260e20,1
a0b33c8c9,1
4e2733835,1
ac1d15904,1
8f7b3062e,1
f7f55e46f,1
947a55b73,1
c662f2d43,1
31a3eb0cb,1
1c2d09fb9,1
0d747dd7f,1
f51ca343f,1
625a7d4a9,1
b3060d901,1
a1953e700,1
62176b313,1
b08bccfc9,1
8a9175cc8,1
c31668c91,1
f4f92a25f,1
51a68f921,1
e8c1b9f65,1
2c8e2587f,1
39b4cc29c,1
3729a07c8,1
1d8cd3f86,1
1453baee9,1
ed08ff211,1
ef55aaa19,1
319dbe347,1
500c81255,1
fce166483,1
2956452a9,1
8e7b5a548,1
3832b9d6c,1
b4423d2df,1
f994b2e74,1
f1d472e56,1
5c9d64727,1
6888b8513,1
24badb559,1
042419243,1
f308fe85e,1
eef9bca7e,1
71b036809,1
0de2aebde,1
cdf463b44,1
c25645fb6,1
42482d16b,1
987ea6224,1
f96a4bb28,1
9b2999d19,1
aac9b4c12,1
1ab4667e5,1
f51c7e461,1
6c5a9d5de,1
e83179a24,1
f6d983ac0,1
0afb94478,1
21d253ed7,1
3cec353c6,1
118457bc8,1
3f6323ed1,1
a162830f9,1
4545f6eee,1
7c5f67ff2,1
183f35a18,1
e50e19813,1
08b8613d0,1
31c5d0f2a,1
d08620b12,1
0b3355ca8,1
ca9598602,1
23bbe3e02,1
e28d2d205,1
21c4dd4ab,1
014fe943c,1
6a557a815,1
29319e758,1
e0deab631,1
cd46a82ba,1
bb560d19a,1
e56bd965f,1
2795e5bd5,1
32ae6aa25,1
8e48bdc22,1
9281e4407,1
fa8a27964,1
b5a09eebd,1
bd6f11942,1
c44459d46,1
575e2d52e,1
4c54b3ef7,1
9324086de,1
96d59b19a,1
69f6c908f,1
b7d2a9ea7,1
373019036,1
e76211748,1
66cb57204,1
9dc583f86,1
18e67368c,1
8063f9e16,1
f69e00e28,1
8c3507d46,1
de9dafa39,1
c91e69ba7,1
a5830dc7c,1
1d8476c11,1
eaf6a588a,1
0e3d46c94,1
6f262c1b2,1
da2dccea4,1
d1774293d,1
c217c48b9,1
637230592,1
a61df4757,1
3d674f739,1
97bd62d73,1
6e1a75dc5,1
9b4105f8f,1
0dd197382,1
4ec6b09da,1
471d0c9dd,1
71e9d6fa4,1
f16e1677c,1
07e87a2c7,1
9aba4c393,1
14b8e9529,1
e15c2a67a,1
36daaf540,1
812ef7d15,1
84639e201,1
14fbe0540,1
172bfcaa8,1
21740e1fc,1
e7e675fa7,1
65eb85bf7,1
8489dfcf3,1
c15662d04,1
0250f1cc7,1
7bc927c30,1
fb614a50e,1
98b82b51c,1
de331ffb3,1
ce7283d8f,1
e497c67d6,1
da89366b3,1
5cd6399ca,1
6619a45c9,1
1ccd6155a,1
b8e26e762,1
504026b8a,1
3c80bf388,1
920492da4,1
bfd82911e,1
2d8a1f072,1
8887757b9,1
4bb92c19d,1
204d83208,1
9764c7453,1
0b41e22a9,1
5ba74447c,1
722bd62ab,1
1132dae5c,1
1566339cf,1
a05ce2c83,1
5512829dd,1
f2c01e904,1
ec366f165,1
8826983cf,1
4e95b9d16,1
8ca1dc122,1
079560a12,1
658e4f7f0,1
7f3da34ba,1
dc515f454,1
4b85f7c5c,1
e33b5f209,1
87a216b2b,1
98fc45330,1
6461be29a,1
c1481c095,1
6af7d8b8b,1
f0c00625c,1
fa0fa8772,1
0d23ea9dc,1
97703b6d0,1
5843d277b,1
82351090a,1
da8e80e41,1
25886fc76,1
a2c996cad,1
9514871e4,1
96cfd3d1f,1
a30b2e4f7,1
3f38eb232,1
30b53966f,1
32069d5ed,1
afbee187b,1
8de7b260e,1
c27b099b4,1
a0e9cd5e6,1
9ad33b24e,1
e0e5a187b,1
cd3ac3329,1
13e5b9517,1
9f1e8073c,1
1abdb8207,1
ac416271f,1
dd85fcf23,1
bf3139ee9,1
ef20ce351,1
887e6178a,1
bd07519f2,1
68e42af5f,1
d5704e8cf,1
3dcc2bacb,1
148167350,1
0295cd746,1
844bfaeb5,1
f21f489ec,1
947564553,1
29222c3ef,1
d7f1558d9,1
34a0f5496,1
6082976d9,1
1935fa2e8,1
995bdb719,1
82e5205d1,1
55f25c755,1
8c962cbe0,1
676ef5349,1
50cb04378,1
1b2bdd583,1
52ebfd168,1
72a8e2213,1
c4d968a5d,1
6e8f7ec92,1
35e305971,1
cba6451f0,1
6d857b65c,1
fc9c9edf8,1
497d2eb58,1
a286d120a,1
498630042,1
c0f7ca4d2,1
ba0d4c4fb,1
cf8e714b5,1
0df1c58ba,1
811abf0e0,1
c35a12385,1
52fb50d92,1
4d51be887,1
e88cc0ad7,1
77bbecdba,1
9c32a85a3,1
e492163a7,1
1bb2d493e,1
e2a4a550b,1
ee8e18912,1
41a11714f,1
8e1ffc02e,1
884699a61,1
bf84f27d3,1
78311864b,1
32e820b4e,1
97b3afb40,1
8c086b31c,1
94de82299,1
e03b139b6,1
4e464c40c,1
52b06b831,1
bd0255211,0
f27f624e3,0
47f9b4bf3,1
0c856b2dd,1
a9c3a72ee,1
7fddb9b80,1
5c9538ed0,1
10eae033c,1
eb2aaaae6,1
737ba8ad7,1
1fce75ac3,1
8823d7a46,1
517eca23e,1
6fd93dc00,1
03479e092,1
9bd8e6974,1
3d99480ff,1
e17b48e09,1
59b2ad256,1
8560356c5,1
6511c10d3,1
959f50690,1
2af7bc4c7,1
ecb751c16,0
48436b927,1
764857076,1
251509be3,1
74ee32f9b,1
232d7c519,1
9df90f436,1
ccfdbafc3,1
9286e9c1d,1
227423495,1
b86e59039,1
e5a69080b,1
fc38139ea,1
311aa9d5d,1
cb3c9f878,1
5069fa551,1
292dcff42,1
8ef239128,1
7779b0057,1
1795c9024,1
99f30d086,1
d9bb1057f,1
d9dadd17c,1
c44b30646,1
bd9065dcd,1
532528586,1
a31c7353f,1
d70db908a,1
22cbeef54,1
903f2e808,1
df9919d57,1
71e62fadc,1
c5442fb6f,1
33ae1e49e,1
4d773b0fb,1
5ade7c4d8,1
481b0851d,1
bb72efc6a,1
bccf9b55b,1
1f5d38f4c,1
44beec498,0
eb6910f75,1
d2078768f,1
d8a8e989b,1
7a9aeddda,1
20a2b69ce,1
8e7185005,1
d78f74185,1
e08dc0041,1
129d5e7c5,1
13c54b641,1
732c7f56f,1
c221eaa7b,0
b84749ea6,1
9842fa6c7,1
5ee37d9f9,1
5dad884c7,1
16150272f,1
c264fa6a2,1
80723bbaf,1
5fa45f41c,1
16a158ad3,1
c5f9d0cba,1
9e27cd358,1
ad837a833,1
7db69545e,1
0f09650a4,1
95465de9e,1
01f3fa628,1
f86e108a0,1
44ef2b7d3,1
b87e49114,1
1d7c375c5,1
dd0a51b66,1
16743d12a,1
085b338c2,1
6609302ac,1
5647f2611,1
4deae07ae,1
0dccf3794,1
d6a3869de,1
c7ee7af0e,1
e501b45de,1
2181ba8e1,1
9c064fb33,1
01fec620e,1
3ad1913c1,1
8bf21c4a1,1
4d7d5c614,1
99b90a3b3,1
3ce5233ba,1
1d6e895fc,1
cda90187b,1
66d73b03c,1
9f633e2c4,1
51c34dc3b,1
6088aec72,1
e843444c2,1
eb641b14b,1
ba1d4177e,1
77865b3cc,1
8acc9f190,1
2e4ea20fd,1
0a5a7452a,1
4be3e7257,1
f0cd5916a,1
86d7bcf81,1
4b497d443,1
92ea77095,1
1f85c9142,1
1d939c264,1
ba2f87264,1
fe42c1ee7,1
8bfeccb9d,1
5fee60b0c,1
8f8273719,1
35c11e02d,1
ecc2c95f7,1
2fbe9c637,1
56ccfe80c,1
5b52fa500,1
ce1882ef2,1
83ed707f0,1
9dbe39a2d,1
5e797053c,1
bf41df11c,1
b4aee9257,1
78760a8a2,1
ec7ed0e13,1
e5fdf769e,1
ebfb9fea7,1
03a2876c0,1
13ae52084,1
9dbd4133b,1
c47bafaeb,1
531f4c477,1
dce26b7b8,1
042f37990,1
f8f190e6e,1
fdd8b3f5f,1
81d10dff7,1
a4effe02b,1
e4b7bdf8b,1
1445bdbeb,1
f3f6e8a8a,1
d8786ffae,1
2cd415bfd,1
e3b178375,1
576e56888,1
addb89bf3,1
fc636b29c,1
882fcef2e,1
eb4b22ab2,1
f291aa558,1
eda2f0546,1
f49c4095c,1
8ce98946b,1
0600d1b91,1
2aa6b2e0a,1
880cf5656,1
44fc199a9,1
1983efe86,1
b684dddae,1
65fb1de96,1
6d917c00b,1
f743529bf,1
1c092fe4e,1
f07fcb84d,1
f08707752,1
bd36fcc15,1
1a40a0305,1
6c66cf586,1
799aef9ef,1
61e2d2fc2,1
0196cb8af,1
f241f3422,1
cebe05231,1
85f563eeb,1
adc44b72e,1
a172c5753,1
f763f888a,1
07a0984c4,1
c8276fba5,1
dcf813733,1
cca0740ef,1
0f424a52d,1
b8dfa7a47,1
92ca222e5,1
08c70b57d,1
4de39cb54,1
92dd467d9,1
982db62b6,1
afb913f6d,1
cad4a3a31,1
f2cd120ab,1
c873e4764,1
e961931e3,1
0af1a53b6,1
b3957e642,1
be5fc85a5,1
4c28abf85,1
c09373a4f,1
9a7b511a7,1
3786458ed,1
ca52e1c97,1
955d418d3,1
a354bdd09,1
8bff54050,1
35c1dc094,1
9c5a95ceb,1
0c40ab830,1
877753199,1
812e0e887,1
78e5125b3,1
7896b6567,1
2ef709d8e,1
f1c935c58,1
4b8fb2af1,1
a23b4743a,1
40c5c27c1,1
1a4c4f02e,1
3d99d8f35,1
b7c2941ea,1
52b43d86d,1
9691d0696,1
7ed043c8c,1
8468b39ab,1
fda872629,1
523dc32f9,1
f274e2f1a,1
4c7d71274,1
03f4f8cd4,1
d6d6ba591,1
4ff3e18fa,1
369699c07,1
4b717dcf4,1
a590480ae,1
1a4cfc889,1
1d5dc55e8,1
1e6b4714e,1
b04939e6f,1
907ace0a0,1
d430c36e1,1
8a2932ddf,1
d082bbd5d,1
d459a5053,1
4a657fb0e,1
f177bb858,1
5776d4621,1
58d1a3634,1
57810d54a,1
f950ddce1,1
4bfa814d0,1
b573c3587,1
38b4fc7e8,1
366b03a7b,1
ab3a4fd7b,1
378a2976c,1
16244a39e,1
239ad5709,0
ad0eb6657,1
f6bbd922d,1
371626c53,1
3f8aa8d5b,1
b88cb23c9,1
35ef6b921,1
1085ab51c,1
4b740011c,1
87ba49379,1
69cfd4b85,1
1e0947834,1
ddcaf083e,1
d37f06611,1
f726a8e68,1
4df14314f,1
2ba18e688,1
f55f7260a,1
ea4767368,1
b04dfa558,1
8fc4d3f64,1
08fcb3796,1
25c5870c1,1
f9625a3da,1
9f7c429f9,1
ac4b25c28,1
39b09dae1,1
43e8f9008,0
482f4006f,1
89e638597,1
ddecce8e1,1
34caa9f8c,1
fb36484db,1
d724e767e,1
65da5b76e,1
17c8a4889,1
f8ae8d2c0,1
6b3bb24d0,1
b6c3a2101,1
ae99bec5c,1
5db0437fd,1
a196411a9,1
406b62d9f,1
af8dcfa6f,1
e4b775480,1
c503705b2,1
6e4abb2f5,1
86a9edfb1,1
2a7eef0b4,1
ec0b1d821,1
a43564af0,1
f628c4d4a,1
a039b2be8,1
1e101781c,1
43f1ffd92,1
7d729681e,1
0923cec9a,1
33ba1a672,1
a7e02f25b,1
994f31876,1
039919879,1
658fdc9b7,1
f8c113931,1
6a7b43ccf,1
a88947c92,1
5a0c538d3,1
af1e55594,1
143a8c2f7,1
5384047e9,1
69cb189ba,1
025518427,1
b0fbccc02,1
eb1a1f355,1
4868e6c0e,1
faa4fbbcd,1
30d2d3349,1
8623c9652,1
ea0bb166c,1
0901d7d0c,1
23dd3a0c2,1
18ce01ce5,1
d2b7e0624,1
6ce710b09,1
04f2c21c9,0
4785660fb,1
3de14b978,1
95035eb26,1
f759f4c37,1
edcdaf449,1
dc248d64d,1
3bbc9c716,1
d81208f00,1
8df4ede59,1
db015d253,1
f45417319,1
42cabd82a,1
ff524e4b4,1
53578869a,1
9cc49e8c9,1
9bdde234c,1
b01c6bfed,1
0f48e1daf,1
a73f792dc,1
caf7f95a1,1
c488a232b,1
342b7d5b9,1
de69b768b,1
0f527688e,1
08a15f267,1
391eea56f,1
67ea55552,1
1f9145dd3,1
56dbb28b5,1
b21940173,1
0dc6e0168,1
ea266a278,1
0c3931980,1
8c548d660,1
2ebcda97f,1
b7e1659de,1
87a50e77d,1
41f348cf1,1
c71417d92,1
f01320159,1
12bb39139,1
57aee22bf,1
24649b575,1
cff947175,1
335382c5c,1
d7376dca7,1
7a61c43ef,1
2c50f2ae3,1
e37c1dbc9,1
4b0b00959,1
dcff18df1,1
dd9c80ae4,1
a667d1bbb,1
5bb2555d7,1
42b402284,1
c5a925ba3,1
a5adf305c,1
98d084003,1
f1fb7e5fe,1
22c8aac39,1
5f99c928b,1
025e61a40,1
494ab93cc,1
b6bea8bfe,1
3c689f6cc,1
85158c3b1,1
22dc5fc68,1
0fcaf7215,1
467d8e74c,1
bbfab0b9f,1
d642372a4,1
b8b375e67,1
dd0fb7271,1
414ee6fc9,1
39cf4158d,1
d8ef5278e,1
8e41736c0,1
470761baa,1
2343e3a62,1
af7305535,1
001630d8d,1
15c037834,1
0ba175395,1
f3461e133,1
5f6d296e4,1
9a3da1ca4,1
4e6c1a4e1,1
1d84ecb39,1
f926aa852,1
6f0d79640,1
00d0f85a2,1
ececd5690,1
268c974ae,1
534b54310,1
fcd6da627,1
3cf6c3f7a,1
ee0d0e8c1,1
0628b2de1,1
7697a56cf,1
84d54073f,1
f813f8b0d,1
d3281a835,1
e5ca7809a,1
4b3754ac3,1
e45eed5c7,1
1c9ebe123,1
d668fec83,1
d12de8e93,1
e62db9ae4,1
cdcbb890e,1
d9849f762,1
a68e42d0c,1
0c35ad1d7,1
43b849292,1
97e9a9ec3,1
ae6216284,1
eeba2f1e4,1
eda2277e7,1
1225aa471,1
cc0ab2eec,1
e88dcfd7e,1
da2f83c72,1
b4f67326f,1
5663ff89d,1
3c5d3cd7a,1
1d6fb6261,1
01bf77677,1
ff441ba85,1
e805f9fbd,1
fc38c67cd,1
c84910ba9,1
8980de5f9,1
794d27c39,1
e80887885,1
d2da8b626,1
fd91d18aa,1
0e36b1479,1
c32c88fc6,1
c9789834f,1
190168aca,1
eb22b1069,1
a119e922e,1
d105b5fa2,1
6740d622b,1
5010854b4,1
b84d879fb,1
1c530eba7,1
58a532867,1
b5dc10a2d,1
8c2d50007,1
1895ac98d,1
c80b03d1e,1
9db54acbf,1
67b60d933,1
4552c1c77,1
351ed51ce,1
1e585e43a,1
7b9878695,1
4a2609b66,1
a51550043,1
71d8361e2,1
b539b0be9,1
e320369ac,1
faa9c415f,1
ae0d70596,1
6ef7dd43d,1
e44c42b35,1
6abfab9db,1
af3c47437,1
24b980767,1
0cd556ba0,1
96dcb6951,1
5fa324ba3,1
3f561feb4,1
e9de71224,1
a9f6b9ee8,1
7b72df3aa,1
901fcfac3,1
7e011ae52,1
9d87fdb46,1
c70e8d6c5,1
d0dfb0776,1
72f3b5d63,1
b0d4fc10d,1
759c23248,1
c526a03af,1
069fc697a,1
a059a19d9,1
9c562ce4d,1
df70d6cf9,1
5434c6366,1
e470cda67,1
350e451f6,1
be980a877,1
5259001b4,1
75b88f89e,1
5cf6552e0,1
3714f5809,1
87b9bbe12,1
ae4f49a8a,1
34085101a,1
21d7f07ba,1
7406e63fa,1
78e7157c0,1
ed65175ea,1
c051a5093,1
593190956,1
f5c96ebdf,1
20df3a4a0,1
c715f51fa,1
56efae4f3,1
c14becd10,1
bcf6142d9,1
6864737de,1
6bae50ba6,1
7b29ccf88,1
28f83093f,0
edab0a383,1
f9a3f1bbc,1
26029d8a7,1
7a9d92e03,1
9ef159820,1
c98b7799e,1
f054d3aae,1
143e72e61,1
36abc63b4,1
3779b9c81,1
267afbb7b,1
8c6097ba3,1
1baa0fdd5,1
f6b57955c,1
fd4bb8e65,1
e737de21f,1
a6d522e08,1
1cef6322b,1
4d5070ea7,1
68a8912ea,1
de909c0f5,1
e92550715,1
177bb2650,1
62262f6f5,1
235da65ee,1
6c8483b25,1
b61e36f59,1
ee2708165,1
8157ff31e,1
a961cce13,1
acef8980d,1
8136dbdd8,1
1c63228a7,1
45690f3ca,1
f82bd0b2e,1
eb4eaa232,1
200dca296,1
d100e89af,1
9e558930d,1
a6bbfd052,1
8876c6029,1
37109bfb3,1
551b6d230,1
edbdaa06d,1
749101038,1
01d2db31d,1
c0474f1e1,1
224a0d4d5,1
335833a1c,1
1a501dabb,1
e3397d780,1
a8073348d,1
5b75ce952,1
7564480f1,1
b1fbf1225,1
df99a85f8,1
5cec43300,1
31585ac3b,1
1e5eb7a60,1
1409bb4e1,1
e9a5ab1c8,1
2e5f614d0,1
ac29bdcf9,1
795dace51,1
b51495461,1
fc64d129f,1
9f884a1b8,1
ff4c4e629,1
46467282e,1
853dcfe06,1
80a105c70,1
690b52e7f,1
d2825f6cb,1
a4dc73c81,1
19287db4e,1
bc4fe149e,1
9c8648bad,1
f335d044b,1
cb2f519e7,1
9ebf4102d,1
a2d9b253e,1
78a2e8466,1
5dbefce1c,1
46d252bb6,1
e330fbf7d,1
2fa0b94b0,1
4460bf715,1
3d48aa182,1
888b894bd,1
af4c9b661,1
f00ab93ab,1
bd6052741,1
73e4143d9,1
f2ccaeca8,1
b6e731b17,1
9f16ef04b,1
915d801c0,1
00cd4914c,1
f0a00e68c,1
9ba7d3297,1
575a4c15f,1
51531b385,1
5d2fa2bf8,1
81c2939d8,1
865d95420,1
fb568daf8,1
d094921da,1
ba5e3fafb,1
f171dd578,1
c52442262,1
b931b4b37,1
bd7608352,1
1ec648af9,1
024c4d4d3,1
701f63c6f,1
55766fa03,1
58171dcea,1
f5ec410a2,1
0d1dd21e5,1
1688063e6,1
31ac5b931,1
b400bc4df,1
1eaab2f11,1
4438cf71d,1
87805a2ba,1
f47a62514,1
4d6a1f88c,1
71fc3458f,1
9789ca2dc,1
062e0879d,1
3d88d5a3c,1
3d7561293,1
70bfa87c3,1
c18a3b783,1
0cad8b10e,1
d75065e01,1
a331ef890,1
c3058b272,1
156832d2d,1
d1f9ae3cd,1
d2ef01564,1
bcb692352,1
abfdf0fc3,1
d2e0d7f2e,1
fb9041dc1,1
c388d1185,1
b0c1d4903,1
961e1e37f,1
01cc0d9b9,1
016b1241a,1
f51767bbe,1
3d615fcde,1
29dea5486,1
2116330f3,1
49818a45d,1
cf348bf60,1
4e117f566,1
87e930a77,1
b852a73c6,1
5ac0afae7,1
c356f5725,0
266f643bd,1
5c663948f,1
d8e5bbb9a,1
28e8a5d93,1
ec51bda06,1
0d385de8a,1
17a421360,1
206904438,1
19b089699,1
b0e0da17e,1
3adab4936,1
a4d843b2b,1
762a055f1,1
824c7a6b7,1
0515f0b27,1
3900bb627,1
a2940580a,1
3841f6c5a,1
27df3e732,1
e99c85080,1
bd9235cb8,1
f0542fb45,1
1960fb489,1
03824a75f,1
45c153a10,1
22dedc727,1
de205986a,1
b34c078da,1
104e76f10,1
02d7ad0a1,1
c12dca23a,1
deaef23f4,1
cc8d725f3,1
a98a2139f,1
3e08c1385,1
48965226a,1
bf36130c4,1
bac813f44,1
a2e7bf17a,1
60f333c67,1
c7e34b4dc,1
c59c8a6db,1
d2fe95e5d,1
c79fe46e4,1
bfe86f653,1
1399f6543,1
e995c2892,1
4f354dd31,1
e9c8b8586,1
49fb71bad,1
1c7095c4e,1
840bdc7c3,1
ab4b18e09,1
d7727f144,1
c30646460,1
048d58d8b,1
8732c3dbc,1
f18b627ef,1
76bf1e6bb,1
3410919ab,1
4f47bc0d4,1
1dd45b6dd,1
fe2092f38,1
79c1f044a,1
fa7d7d26d,1
9ea00c468,1
551b76e2b,1
9ddd09967,1
059f7bb12,1
bb3b78edb,1
7c2b47078,1
3c3b53478,1
cfe99e66e,1
3983beb6c,1
2884bfaa3,1
a58e06b72,1
46c5c7270,1
f6d9876eb,1
31c0b58ef,1
c28db8ac6,1
9d7aa5cb3,1
7ae8ae584,1
23c260cc9,1
95fe9b7a7,1
d2683ea3f,1
17cfedd4e,1
2e1f9f3d9,1
34da5ee02,1
3b193942d,1
b1bda52c2,1
d95fc099f,1
6f9ef4d82,1
e4e6cd845,1
6c5a5a3d7,1
96950330f,1
c1a57ec16,1
addba8d56,1
a11e54f2d,1
d9795e054,1
e3c8e16b9,1
f665d8254,1
8ffa89a0a,1
200adb8e0,1
9c23894d6,1
d8e391c56,1
dfd984e52,1
f9a88940b,1
61c44ad0f,1
73e1d11ce,1
b7f8c5bb2,1
c58defc4a,1
d76af589f,1
b77df50a9,1
028875e32,1
072ff63f9,1
5c679b8fb,1
32c1350c6,1
6b357800a,1
31ffd3e84,1
882ba2073,1
2a259a53d,1
711f68f74,1
b404dff05,1
2f4b49497,1
ff355a086,1
1a3ebafb4,1
5d47e7e18,1
ff4aa9196,1
c0748d15e,1
4807aa491,1
7bdefbd4c,1
2b25c7619,1
7c27adebd,1
808fa6136,1
d2fc112d9,1
df2daaa1c,1
05998be3a,1
04c83fbb8,1
000aa306a,1
f21bc3d39,1
9e10cf52c,1
0de7b2448,1
607b798b7,1
794a46eaa,1
36b503dd7,1
08d9dbef5,1
5dde2e545,1
a9475624a,1
20da7c72d,1
8bc2dbdea,1
7e22ce045,1
568c22443,1
ea1ed2dbd,1
dfaa707f9,1
1521842ae,1
793f7eaa1,1
0b10de1b6,1
5e5b97e53,1
aab5e0d82,1
d8537a794,1
b69f11e6c,1
bd45d4a4d,1
c9905105f,1
c19608fe8,1
dd3b2729b,1
9caf932e7,1
6ee2a9856,1
46ef56bd9,1
65ff9aae7,1
c547dcf69,1
2c7f82441,1
7fdc9a1e9,1
718e24579,1
4fb5245f0,1
0f96a24d2,1
6e7c42e2e,1
f413def4a,1
56e607497,1
009a75a42,1
e31a44817,0
48ab74343,1
642cc8c98,1
8d17e1738,1
d78d143a0,0
900db000e,1
1342ede6c,1
46f4bbf72,1
0e5c79590,1
ca5fa4db1,1
7f1e6293a,1
376bb3871,1
eb0494413,1
7a7a6f25b,1
8913478c5,1
bb8b0d8d1,1
bce93927c,1
6e3a84f0b,1
257a74f2a,1
33fda28cc,1
a4dd98ac4,1
aa992a06f,0
060081998,1
46208e2c4,1
b9c062c62,1
47ed598da,1
f901fe5ef,1
585ead422,1
18b11332e,1
2c23e61d1,1
1e8bcc08d,1
2bf093c71,1
26abfde11,1
c629e59de,1
743e5e95d,1
0ad8ed80c,1
908381fe7,1
59827b183,1
94d5cfc72,1
58b4eede8,1
9fc096ece,0
514f49f40,1
1b05b7d14,1
49f932518,1
c550dc5ee,1
c3d2ed28b,1
acb001c45,0
43eb46b09,1
9c7981f22,1
5b44a7500,0
b5960fa52,1
8c9a51edf,1
48526e8db,1
4866e0afb,1
e64c64329,1
1f9388681,1
313a56b49,1
3abb52336,1
aab03084e,1
18f7b2cde,1
8409541d4,1
71050d86f,1
9518fa97d,1
b3b920081,1
478abe583,1
e2da8e717,1
7be8f38dc,1
efef8ccab,1
f5b3cd992,1
d86410f38,1
6ec3289a2,1
ccfef1621,1
56ed31abe,1
0e0d6f4de,1
b9b82f926,1
4972c080f,1
8227bcad1,1
c99371802,1
ec106a8b7,1
d88a32af5,1
477fd2d95,1
667c5e241,1
3bc82129b,1
5be05e01d,1
8bfd55fa0,1
58df0e592,1
4b33f0203,1
d4ec801b4,1
b1ff76558,1
44334fb54,1
b0d0bdab3,1
e50784000,1
e20c64b3c,1
4b7362fc4,1
2a3c60549,1
4211f2825,1
4fa7555cb,1
373c6936f,1
98aea7843,1
93ba35d85,1
00d26f809,1
7eef28bab,1
af2a1db8e,1
3928063df,1
255556532,1
202a57eaa,1
9e70455c3,1
70654efef,1
a62eeb265,1
60cd5f3ed,1
1aee8a1a2,1
d836f5d99,1
16012e77c,1
71dbaebe6,1
e26c08ffd,1
34787edc0,1
5428dc24a,1
feb182c1d,1
37ea615ca,1
b38262fe5,1
47ee11b6e,1
0d4cb6f3e,1
eb2c6fe8f,1
1aed4a8fc,1
f3e376be5,1
7820b93c5,0
146d4c1ec,1
5ee7021d9,1
baa719822,1
8baf52542,1
def90508f,1
f92094add,1
8731686e1,1
a840384b5,1
0a3024b5d,1
daccafe15,1
9d9972150,1
802f8a1f9,1
e080acd98,1
7e85dca17,1
da4418a5a,1
809197a23,1
3e0b73fda,1
80906aa71,1
af98cea7e,1
8af853d49,1
81e3e1ce5,1
d127877cc,1
79b21365e,0
5281a6e10,1
8f05ed73f,1
a1e93d035,1
0c739cff7,1
5204a13b3,1
c47b1b950,1
fd9f0890f,1
e032886c6,1
2b08d8621,1
7ee9c9118,1
851307ad7,1
9a85e116d,1
ab509472d,1
9407fc3aa,1
4fe9853d4,1
e8546acbc,1
9c3f4b853,1
c74faacc8,1
b4e07570d,1
588f9a4fe,1
9c4ce554b,1
467cb797f,1
ffff62841,1
167fc9e74,1
4003885c2,1
d22d6ab8d,1
55cf77eb8,1
f340a9b21,1
0c31f782e,1
48d132969,1
292ff8e76,1
aefc3462f,1
58c7cd785,1
c693b153c,1
9161ae29d,1
59040fb4d,1
30e0fa4e6,1
2c1e743a0,1
96ce8f1fc,1
4a76d1c95,1
e5d8312cc,0
09e9b294a,1
366994ae7,1
aaed7d428,1
237ac6911,1
e19c1710b,1
a2c642a9e,1
d3c26eca0,1
5338359f8,1
01e35d03f,1
2b721e67b,1
c9c98a0fc,1
4e49e2df7,1
a954018c1,1
65fe58547,1
2a1ed8912,1
a1e4807f5,1
e3e4e30c3,1
209ebbfed,1
29167255b,1
0f9d57161,1
74d6261ce,1
042bcaadb,1
cc5dea10c,1
9fd0e73ab,1
b932855b5,0
93f3f763b,1
e5154499d,1
4caaed61c,1
f5266620d,1
0e28ba597,1
32c2d5e35,1
db4b370d5,1
a5c39a02b,1
866333fc1,1
f301659ec,1
aa53670fe,1
63d3ad497,1
ee7acb89a,1
787f37a69,1
d976e5305,1
b760d449b,1
6ffc00d88,0
e202e95ab,1
963cece93,1
7ce683940,1
32c57e5f5,1
fe4721f91,1
7a6df600a,1
4a6c180dd,1
2d9806c8e,1
4f2eb42f8,1
218272984,1
23d9401a5,1
a98eaa477,1
6b8c7d6d8,1
33854e4f1,1
db62115f9,1
5c045d946,1
b7638e54e,1
040ae13b2,1
c554a982e,1
ad403561d,1
80637261b,1
341bb7b34,1
24b6cb0f4,1
b9906dd13,1
d7b7dd916,1
d74122e99,1
6b980291e,1
77e9c91f4,1
968abd09a,1
458c33e67,1
f1fd96f29,1
b48a8c317,1
f150ecb1c,1
12df6d106,1
3f6aea61d,1
a0948ab92,1
f1014cd29,1
7f1da4d1a,1
5ae9757b7,1
bc180acf5,1
9b219a229,1
418a12fa7,1
1bc38ee4a,1
ba71dd24f,1
e934f0900,1
429a63cc2,1
518bc54a2,1
a1ff49735,1
189dee21d,1
0f4b27403,1
a5e3fa8fc,1
28d7ba02d,1
af2f28e05,1
9a5ef6689,1
cad7101c1,1
71e991077,1
169ee3598,1
67cac06ff,1
5ba1b66b9,1
37385f153,1
689b99219,1
3f1782222,1
1310a8e26,1
4fbd3d03f,1
c6b51cde8,1
a95fd104e,1
9def25129,1
46786d2fd,1
9ae1dec53,1
4266fca0b,1
fbcedbe37,1
4e3844f13,1
62d8f4307,1
8fbb8a8d7,1
23068f628,1
1f6c025f2,1
9baadfabf,1
a7bd2fef3,1
4a61ec611,1
ed31754c4,1
5737b3d5c,1
b672871a3,1
4831f2809,1
3f9caee13,1
a7eb70d8c,1
fb5c27aa4,1
7a7c3efd8,1
eb42d25c7,1
504418f50,1
b19db199c,1
505f1bb19,1
3576a82c4,1
8876989c6,1
c24b2568f,1
2f733eefa,1
0b04d7007,1
6a9a67994,1
4221c8c6b,1
80c6b4372,1
74bcb0064,1
703e4f919,1
99a11f09d,1
34e7e8d15,1
43fb5e064,1
780d7ea9d,1
6947884b0,1
b2b8c994d,1
0e114879f,1
8d37372d5,1
db800e561,1
f4c1753aa,1
d1dc0e113,1
b09459851,1
b7f5d2132,1
bc346a545,1
861fe5bc1,1
bac2aba96,1
cf791cdaa,0
a10b1a956,1
878e0f6e1,1
d78ab2002,1
e7ef7ee2f,1
f3bc9fe58,1
cf66790e6,1
a2797ec8b,1
842a5ff9e,1
3624d73fc,1
9a83223ed,1
0f3bd41d8,1
b88e582cb,1
6c1a85d24,1
a5f970235,1
c2e3cc243,1
e29f9a772,1
756955df9,1
592b1c1a0,1
585178d96,1
bf2eb743a,1
26c676e24,1
fb887ef38,1
605c3a89a,1
e58620db8,1
737be5779,1
4bbb57518,1
b77049a0c,1
b3a6e0d73,1
390cdc0ec,1
e4ef8860c,1
5cb22774d,1
54e8d5179,1
74dcc54a6,1
5d5fa552e,1
a87b5c279,1
26415ba6c,1
7e6a6e420,1
149c39b66,1
e8ee73cc7,1
c44173f96,1
a427828f2,1
9e22dcf95,1
1384f2887,1
578e8c906,0
60efb737c,1
1bc292a32,0
fb5f0696c,1
89bc83d9e,1
cc564e237,1
0e52a5c9c,1
a26ee80d0,1
4a476e087,1
e3148297a,1
88b14d096,1
cc99037d5,1
41903e7a6,1
28382cd87,1
4ae4bbaf4,1
207f52180,1
eb0c22076,1
70c041ca9,1
a6574c9e2,1
fb6cbc530,1
ee22436d6,1
e133e8dcd,1
05371870e,1
d81973f04,1
f1c0bb578,1
b4d30fc51,1
23f6a508a,1
5adcfc6d0,1
970c25743,1
d881cbf2e,1
17ba9dd47,1
1351e45aa,1
f98c13633,1
353b7f4dd,1
f23f78389,1
d11735bda,1
f949026de,1
0f9083bab,1
97d033585,1
fbd5832a5,1
39d2cf194,1
5624ae076,1
d90e654cf,1
93423d1fb,1
b3dd7cbf3,1
126f57f7d,1
9527b6aa8,1
e17644953,0
ce2b4b2f1,1
46d00f27d,1
cf58c5c4c,0
0a9f45592,1
9fa7fb235,1
336425df5,1
2191e729c,1
29abd06a9,1
499ea31b5,1
7b452d8c0,1
c60e5bc02,1
a26e09ace,1
1471b7daf,1
d08954f90,1
f3a641543,1
588d74ec0,1
465396b94,1
3569791d9,1
e9340f1b3,1
8e7a11671,1
2cb728c4b,1
ffb8f5704,1
2b8d20df4,1
573ea4dc7,1
9fbc9bcf2,1
0c3fcebaf,1
040ca87c8,1
5b542bb84,1
a2c811cb2,1
e29e29b9e,1
29df9d5ac,1
a2190b4f0,1
6ea048760,1
bb5c08008,1
f6cba11fe,1
303e333f7,1
76483e4b0,1
7890c12cb,1
bacac1eef,1
4e26f6237,1
bda2ad65c,1
f4d8100fe,1
75317e55b,1
5a359cd51,1
e954193d6,1
843d2449a,1
d50820857,1
f5167c5cc,1
f853bef27,1
8f44c3003,1
5be4837b0,1
d38cd1bda,1
a8ba21133,1
6173a225c,1
c3ea8bc20,1
51fe5fa60,1
124db33ab,1
55509b6df,1
9b48157a5,1
390c333c3,1
f9cfe8746,1
c7195a1c0,1
22c7694f5,1
afe87b777,1
6a35cfa07,1
a59ad20dc,1
f8657b0ae,0
83ece1343,1
6a663b6e8,1
76eeca0d3,1
bf871912e,1
5d2c46603,1
ec6e2be1d,1
05ddc6538,1
8fb46c270,1
bdf237438,1
f7e4f48af,1
77f62bac4,1
448b0110d,1
a51734b45,1
f425da4b7,1
8b39b161e,1
eeeaa1059,1
86633bd75,1
f7389cd16,1
0b151360c,1
8dbb39173,1
df95de498,1
6c176b54f,1
576538092,1
3a77cd63a,1
6fd2a649e,1
bb2dca9b6,1
e94189116,1
4daed7231,1
33cf2e4a8,0
bc4fbae71,1
02fb51556,1
92a086e02,1
1cc472495,1
7ad9d67bd,1
84564d23d,1
f87fda8bc,1
d06a4f600,1
60b331e21,1
6a50aca6b,1
d132eabd8,1
0a631cebd,1
4bf2697f9,1
d9def0a38,1
8ccd9de8f,1
f65161b87,1
b328145d4,1
8b9a3b3eb,1
df41906e1,1
ff507d1b5,1
9954f4a4a,1
d363416c4,1
1682100d2,1
7d6a74b12,1
6291b09f4,1
4a55c9f03,1
7026016ea,1
a816831fb,1
315554711,1
0b09945d6,1
603a1c912,1
3b40e328b,1
4680a5e9f,1
500f826ac,1
4f37ae2e0,0
b33f4d649,1
5114df57d,1
716b825d5,1
dff5e33bb,1
6cff69d12,1
9d91e1913,1
bff1eefc6,1
4c17194a0,1
6c0806da7,1
db4b6db80,1
65cfd221c,1
7fa5e9cd8,1
6cd3db96a,1
e13ee3b41,1
ce698dc75,1
75d4052a6,1
a1cfef42a,1
c7e7358b1,1
4d999d3a9,1
1bf8c8a2d,1
3558f46af,1
5202633cc,1
2efc513ab,1
0a8e773aa,1
56252863e,1
f89aab6c1,1
23dd6d50e,1
74d765729,1
54110ecf7,1
ae4885e1a,1
b751252cd,1
6c45f02bc,1
95cce48c5,1
7e7a90c3b,1
2a631f760,1
3d9a5ac46,1
e704e1744,1
bd1cd5e02,1
65ee84779,1
3d520f47c,1
adbad85c3,1
9deeb4f29,1
f2b611f53,1
d2937f8aa,1
b94bfc176,1
c5691c397,1
8c9b21e02,1
8df6d215e,1
573d595ae,1
6511382ae,1
054ca7b8c,1
5229f814a,1
104164bee,1
36e05d7e4,1
35090cd14,1
38a47590a,1
4728c70a3,1
af8248393,1
04029c4ba,1
7ab6d95b7,1
428a67131,1
be799bf9c,1
2b70b5764,1
7f71a71de,1
0ec139474,1
9f01cfff1,1
d4e8bc09c,1
31db73165,1
87edf67f4,1
4da75edf5,1
ffa1dc3cf,1
c8d822dde,1
dcb9727c3,1
1b433696a,1
c15e533c5,1
9886b3011,1
18eaac448,1
a5472a418,1
be8e347e5,1
095de27a2,1
ea2265da7,1
352aec027,1
71e9e03c8,1
1d67517d5,1
b765b3d8c,1
79fd4f1dc,1
1fde098c7,1
c39ddf3a1,1
fc65c8cd8,1
e6436ffe0,1
68f3aa569,1
53f31abfe,1
98d6fa62b,1
8593527d2,1
d7712a6ae,1
e42819f0f,1
788f7ed22,1
c9f53328a,1
9a053a28f,1
b4db93077,1
8b8155bec,1
5352566ea,1
332f9f8ab,1
e468b9930,1
a83930960,1
4ad13c9dc,1
4b0bb6bc5,1
e80432fc9,1
7392eb977,1
18c60eec1,1
c93ee4f66,1
48f4ff0ef,1
7f6bf9b5a,1
6b82525ce,1
39863c304,1
f20502a91,1
a3297b927,1
7dc5f826d,1
c29d4becf,1
29d274de2,1
d75ef43e3,1
a23d2fcf1,1
8cacc6b1d,1
3fe1c722f,1
b68a0cace,1
30fe45021,1
7cc63ee97,1
1a1feacfa,1
9ac984116,1
c7588ac4c,1
820d3a734,1
de3afc8c0,1
d0a658844,1
c2fec2919,1
37a74b0d5,1
6136a04dc,1
2a2039d2a,1
bc07b7683,1
786ebc385,1
ba1e5e099,1
e9a179861,1
2756d496e,1
e47e158be,1
c39a21e68,1
89f5acd5f,1
fcae2ea8e,1
b5431578b,1
d17bcb899,1
4fd559a2f,1
a30f7b5a3,1
fda78b398,1
1632e7230,1
ea4e9430a,1
a5c9b03db,1
b9f4e5bac,1
a006a28a6,1
cab21901e,1
348cd5b41,1
fccd30b68,1
03df4efba,1
242d5e1eb,1
fd53861f5,1
f497fc3ee,1
3d72f28d1,1
346e6d37b,1
147b07a6d,1
cb8103680,1
73ea449bd,1
301bc6c2e,1
bd04bbba3,1
ea8115514,1
6bb574f84,1
20e1d56ee,1
9e8df77a2,1
a84855274,1
776177c6e,1
6e52249b8,1
3e5b2e36d,1
8b4c08434,1
8f6966d69,1
5b602ebd5,1
d43b1bc65,1
6d238adbb,1
5a46634ae,1
63211a72e,1
e890afe89,1
1c70f3cbf,1
048dfb6d4,1
e94fc42b3,1
e1643a076,1
7b85be74c,1
bb3aaaa28,1
80f9cc7b9,1
8e0417ae4,1
d4a2129b2,1
abe77f3d4,1
4628ddaf5,1
fc77f0c02,1
20b6fa368,1
65cab688e,1
15dca164d,1
4b7d7cf86,1
abf5e67c4,0
db5bbfb2d,1
e14839727,1
5c0a38a06,1
5fdf55154,1
358b9a638,1
5e24a1a6b,1
5a97646c3,1
5e9b65bd8,1
43d769938,1
f433ea60b,1
737542e52,1
56b369184,1
5c19f96c0,1
40e5d9e21,1
a35769d72,1
53b8c2783,1
2dad67021,1
76c10a26f,1
162beb77e,1
93604bb92,1
448965780,1
a1eeabb2c,1
9f07d1447,1
c89dac0eb,1
c3aa2d26a,1
cfceabf43,1
4e8b3b9e4,1
dad80317b,1
99b85cad7,1
f9f3f2a53,1
fa296a502,1
60409d9f9,1
c6878905e,1
4573fd907,1
ec84f5484,1
35f109a16,1
d94886fd2,1
17c907a12,1
4fcd6df66,1
b3704ee82,1
7fffa3066,1
99a6043dc,1
2f73907c8,1
01a91d8ac,0
b3eed2e3a,1
1761f4b3a,1
ecc561d11,1
8d6a55800,1
042b0831c,1
cd17296d6,1
697ac704a,1
5bf4b8517,1
1b5d7c38c,1
bae61ebe6,1
45d3bb4de,1
499cd07b6,1
1dc98a9b3,1
f70a61f1b,1
457aafdff,1
5e73c2ffc,1
9b9253143,1
14fdac058,1
b51b87f2e,1
939791a62,1
089ee4469,1
9d99bd0c3,1
62b173b40,1
85b332009,1
8b652b2ee,1
b1d3cf596,1
31274e975,1
f22f7c3dc,1
3715b8520,1
d9e32c5b5,1
6ecf2e425,1
adaed145f,1
1982f429a,1
93025fb47,1
f1684b031,1
3c8d45ee4,1
25494f3ee,1
603b290d1,1
c41480e41,1
875f86881,1
a9dd487ae,1
f229df53e,1
bc8252bff,1
f9751a647,1
14318f1d4,1
b5cc601a6,1
7f56ab42a,1
d4238a1ce,1
4731ea7f3,1
18190bb81,1
17aa39b06,1
d2cee940b,1
87735706f,1
bd5be777a,1
9c4a7d80a,1
146295886,1
de7e5bada,1
914472e36,1
678407b44,1
57339fe88,1
311368756,1
e5ed347f3,1
f4fd4fdd3,1
f289129c8,1
454b13e05,1
13db5bc2a,1
c4ad5de1c,1
8f2b2bc90,1
d6dc4cb56,1
4a4e7ebb6,1
511fb9ab2,1
df852cd33,1
f361a2abf,1
ab63d5cc6,1
33d8eb31d,1
6f55f89a8,1
ce3733a4b,1
9b9542b4c,1
1db53eb59,1
d9362f7f1,1
0ad970d41,1
5a9356966,1
fb93de06f,1
8d05be710,1
f4c08114c,1
dd3bb8402,1
83b6e5980,1
ef04c6586,1
0f3d74084,1
43c2b42f9,1
8d6b9ccc1,1
bddd3870d,1
b9858a1f0,1
aabf13c92,0
6a0230b30,1
f355e3110,1
cdcc26218,1
544617e06,1
de7731077,1
eab92e3eb,1
309e775b6,1
32f238a32,1
077b9c300,1
7e00405e1,1
7707cbac7,1
4269e363d,1
eaa6e53a1,1
5cb6f9670,1
1a4dfd6af,1
2901b64bb,1
0c66a7d25,1
37f0dfa26,1
191a846d5,1
4ff2e9730,1
98ed9710d,1
b0e247ebe,1
f24323918,1
adbd24c05,1
548bbce9b,1
3010f15fe,1
0898cb007,1
72451f95d,1
3055c8a82,1
2a37907b6,1
c524f550b,1
c03d290a1,1
a48d5a390,1
064d06815,1
27be7deb3,1
03c52200b,1
13529cfa1,1
af2af528b,1
b6e49c7ce,1
88bedb74a,1
b2b2d8aac,1
691e427bd,1
9a22997e8,1
7fa14af9e,1
2bd1bf0d1,1
8f7306831,1
faf21cc3d,1
533c05f87,1
1d1ce8c48,1
3d5ca8d7b,1
27195bebe,1
be4ef3c57,1
af1cee99a,1
4eb8be143,1
6cce5e116,1
be9c572b1,1
ba1d099fc,1
1805b4c25,1
171e38472,1
a775bc2b4,1
c871e456e,1
dbf726372,1
e6b72e703,1
73886439d,1
efadddbc6,1
1c97472bb,1
548037e61,1
0360b90f2,1
97d6a0f7f,1
3bc466ba1,1
a1f973e20,1
7c45e2031,1
acabbd610,1
20dce2095,0
e67336841,1
3f2cb46fb,1
e07d9bed7,1
d7e2ed341,1
4ea269d81,1
65050e0e6,1
77e943917,1
3d7557ee6,1
30362bb8a,1
70bc640b8,1
44bc55337,1
9772a73ec,1
4361fe188,1
f8a000a3a,1
ec5ab71ca,1
9505ce1bc,1
a5f5d64f3,1
674ca1452,1
92d56e551,1
42a891475,1
953056522,1
9c510b4ea,1
db29388b1,1
4eee2c9ae,1
dce60f93b,1
86e79ed73,1
b5bc49843,1
c6038f029,1
c20c85f84,1
dd87c7291,1
0ae993d50,1
0ceed32f6,1
ba4eeb11c,1
93d7f909b,1
a5c63cbc0,1
5e898adfe,1
2c3c58b1f,1
5d1399b63,1
7538ca0a0,1
a53d3d41a,1
43507e6c1,1
2bab8aa73,1
aee9c6257,1
4aa138801,1
83fdcc59a,1
5aa0cf0b7,1
6c6a12fd4,1
051f42bba,1
8af48a66d,1
4c923a239,1
cca989ab8,1
3a5e66be4,1
cb7de9e02,1
5e272b180,1
7fb98dd7e,1
30e0ceb28,1
b477dfef4,1
b0823ad52,1
339384a7b,1
d935cd40d,1
d94f2e3e7,1
e00e75daa,1
63e672dab,1
1aa62fc18,1
f2270858e,1
bb2ff6736,1
c6d6a446a,1
a1e954b55,1
408e9cabb,1
8becca99a,1
7040d50f1,1
44f5f8acf,1
82317f664,1
7cfd366f5,1
f1a35a9be,1
bfd512262,1
4ff130a2a,1
c2d504696,1
b175d60ab,1
746b8b383,1
3c22afb9f,1
dc023cd56,1
b50317521,1
08936cc05,1
153301510,1
a40031b95,1
acf596791,1
155521e06,1
c1ff39454,1
39bb5c2f4,1
64fe09b72,1
533573bf7,1
a2392dd57,1
4a7e6a55b,1
9ea73ece9,1
85a5c8176,1
5e7e4d54f,1
a8c960d23,1
935ebab07,1
124152c20,1
78cec6b9a,1
935f5fd46,1
fb241e401,0
a66408da2,1
ae100fb23,1
0708db877,1
5eb7443c7,1
1428ffe7e,1
36b6b879e,1
c1f452c27,1
d321197bb,1
4881f5230,1
4802a1f91,1
38554e5a2,1
7d669222e,1
7604d203e,1
412bd942a,1
8d970956b,1
95128acdf,1
9c5a4b145,1
f6d7bd5aa,1
884e34dac,1
8ddd5e159,1
ea603abe2,1
5b18feadd,1
90fe10c68,1
327a3ac30,1
2a96f26a5,1
84be7d7c6,1
56c728e29,1
1c2eae12a,1
e0031eec3,1
de503fff1,1
77f7946cb,1
469571794,1
06592b5b2,1
b85934798,1
a2953fdff,1
d4396a0a0,1
12b42a431,1
cf0c93dad,1
8b4a94d8b,1
0901cae3e,1
96bdc9b4b,1
efe281d05,1
45bdbe878,1
7787385c9,1
3c8d7b8c9,1
246690c06,1
d8b6166fb,0
d223e9faf,1
469414278,1
485d6ce4a,1
f3c3cbdd4,1
d5af3cec2,1
098ca64da,1
7e0268aea,1
f3f222793,1
2eff2c596,1
7a17d4835,1
b7c17a150,1
40bd2d651,1
0061e61ce,1
63d2a2827,1
4f2ed12e9,1
5f81c20ba,1
7f9d66544,1
ed0118fa3,1
4d893ed7a,1
b415a8a56,1
9ec953072,1
5a3d7a908,1
499ad838a,1
dbf4b1345,1
c22229ea8,1
f687fd202,1
b4c46e3a3,1
beee81f51,1
2ff9f4c16,1
38af15d22,1
6b8269c72,1
a70374352,1
0303de476,1
745d2be9a,1
e16c0610b,1
436e6a9f1,1
3c50b52aa,1
37beb1129,1
5cd670772,1
20a90624a,1
603a79829,1
ec0fb5729,1
59adab529,1
12f9c8ecf,1
60beb3a95,1
e847fb2b4,1
5f267deb5,1
3e85088a7,1
44d053d25,1
9f0000208,1
92d1af055,1
68fc4ed82,1
f6902cbe7,1
b2260ef90,1
506d810c6,1
0bfe5511a,1
aaffb7d14,1
29e4e0922,1
e794bb076,1
463a9ad26,1
c7d9616e3,1
49d53d375,1
549acdf2b,1
4a301781d,1
d37e37a9c,1
054e96ee2,1
9976d232d,1
a6ebeeabd,1
a8100370f,1
bdae26123,1
7b2f02d88,1
1f6fb5fdb,1
ae9d59ab6,1
b77358cd4,1
1892f9dd2,1
3f3012fee,1
1e8340628,1
c7af888e9,1
e5cb4272e,1
34fe664da,1
3dc91810c,1
47c1c1d72,1
4894fea5c,1
d608f77ca,1
5ad5692e7,1
7d1673442,1
4c6b9ce76,1
25b8b4d50,1
e83248628,1
48e49f70b,1
a0eb7c6a8,1
058539bd0,1
91dde1649,1
f0e6c3cfa,1
34137bfaf,1
30a3d79ea,1
a4e704bda,1
b93e18ca3,1
dcdd19b0b,1
ba5bd5fb6,1
9be65e56b,1
365b3dfe5,1
d5d0b37db,1
26163f31b,1
042d3b96c,1
1de22c3ed,1
74f50e66a,1
2109a5a09,1
3ea095f8a,1
bd433031b,1
efc7ef6f3,1
9aa9db5bf,1
56dddb052,1
75cdf1ac1,1
325ab192b,1
074b67ec2,1
cdc12f4cc,1
379f85f61,1
20627e11f,1
bfe62d803,1
04f02b126,1
2db9688ae,1
029e31937,1
076238985,1
d7725e1b0,1
50ec5a223,1
d79b92435,1
52742d588,1
311a86831,1
e8d0f2484,1
c50114583,1
1de14fafa,1
ec0546c29,1
149841eec,1
ae9898dfd,1
c9834709c,1
f3c2bc32b,1
92558ec1f,1
5ab028038,1
9efd6ee7c,1
e9cb69f9c,1
176d9cfb4,1
0a372b0d4,1
8e3f73894,1
d28521684,1
187f85850,1
6180ca07d,1
8a69b8ca9,1
e60e35c81,1
5dd23a086,1
94f3f7849,1
0dc8dea0d,1
edadaa703,1
f6d1a2562,1
61fc349f0,1
a1c6560aa,1
6139fdbde,0
f586a464a,1
f1b45fb36,1
c7b515804,1
6c73602e0,1
4b4e2dd84,1
bd8f200a2,1
eba077589,1
274600237,1
5effc8b2c,1
7e53a39a3,1
bc6e53cf2,1
4782df70d,1
736e7f087,1
9e62394f3,1
d140a9b13,1
829006a5a,1
78ec1825a,1
3bd1a696f,1
9b3d6679b,1
8ddbbaccc,1
27cf589b4,1
6f3fe6502,1
735cca94d,1
c0522ab38,1
da62f3647,1
280dd2698,1
99f56cb3c,1
2bf288d6f,1
50f790625,1
9b66ca3ad,1
e7f81ad5c,1
538d93905,1
359b8a27a,1
601b568da,1
946434064,1
597f834a3,1
74af36397,0
3f1906b0b,1
0a9cbab15,1
ec875509c,1
50872bf50,1
842ec4bbe,1
6a5fc85cc,1
a150a3067,1
ec8115060,1
69112b1e5,1
b44212a72,1
f06ed55e6,1
c858b5d7e,1
cf3f9f170,1
f504a35e1,1
f7bd94144,1
3dc3877f0,1
4849619d3,1
3bf849b37,1
6b6188542,1
0ff96e183,1
c11fcfe0b,1
33273eed4,1
1e7b1aaab,1
d568909c6,1
9416b2802,1
25bbb36a1,1
a3c4dd517,1
a5ea56e8f,1
409ed104e,1
046059638,1
b76d46279,1
cf256a84c,1
f3d192f49,1
79773f498,1
529d52fea,1
06c246958,1
b1c3920b0,1
dce0cb798,1
61b4e2e3f,1
b82eb79e5,1
250933fc8,1
9f6edbb8c,1
b11cc2617,1
8c450e8f3,1
50919a051,1
309fd2a0b,1
ca939f5b8,1
4f674bb95,1
2526ac5a9,1
9fd824fb4,1
dd75e7603,1
5872caae4,1
bd742de5b,1
78f86a74a,1
607efc34c,1
99d79a7eb,1
d7f760338,1
a26bc0283,1
3a0d06e63,1
88dea0091,1
3e891bd12,1
40f088980,1
146882f39,1
d4649d392,1
467694e77,1
4d57eb5f6,1
20e6c4ff1,1
5c09bd0dd,1
8f1dbd49b,1
178cc8278,1
cff411111,1
2452444d1,1
10d0c5d3a,1
d4dae34ba,1
0a3d2b273,1
abd64b497,1
3c81193ea,1
797e2aa5e,1
c64b3227a,1
e1c12f4d7,1
c6bee67e6,1
dbbccb1e0,1
82081a318,1
2fada4bae,1
3a47de7b5,1
ae4201300,1
6a7a61b8c,1
daafdd1af,1
5c588b32e,1
41aea7855,1
11164e33c,1
4c437a4dc,1
adbcb095e,1
34d6c0785,1
77b132132,1
2f42c0ad2,1
8ccfb6026,1
a8cc9c2aa,1
819f18c9d,1
45777604c,1
4f6496056,1
13289f5de,1
196d30c9a,1
fbe32cae9,1
618179bc3,1
437c822f1,1
926622f1b,1
6ed7fb54c,1
26af6208d,1
2fab2fffd,1
48e5ad418,1
3d9801b54,1
fe43b61db,1
6b21cb9bc,1
143d4f987,1
9ad184d4e,1
fe4da06ef,1
bdecb978b,1
ff4f022df,1
d8f66bed3,1
e57c23577,1
b831fa30c,1
db53b334f,1
536eb85b1,1
e67b287ee,1
0d3054589,1
7a23b3dca,1
3627b7f09,1
b2b3ddff3,1
402704ef2,1
4ad3606cd,1
85b9e1147,1
68f1de50b,1
fa0224999,1
b48364c6f,1
0a035caf2,1
86f3f98fa,1
1ffaf0d37,1
b279d98ef,1
54ffef406,1
a8bef5489,1
73c791c26,1
fc72d7d6b,1
f031c4fdf,1
d96d2b52b,1
e2eddef44,1
e4168ba36,1
45e60206b,1
8a4ed462c,1
1ef95f60f,1
47a6aa527,1
5f07161fb,1
fb2e9cefb,1
798db5826,1
2333e34af,1
eec90de46,1
b6005e123,1
2fcb73e04,1
7b37f0641,1
7449741c3,1
7836c4fff,1
c59d978ed,1
24dc5bda4,1
9c2dde114,1
3192ac0d1,1
a47c98517,1
1abc6c9ac,1
1932064f2,1
c46f3bb03,1
880feff29,1
b2b411653,1
41132bc8b,1
033ee3b35,1
0472f8362,1
24b90ff21,1
ef8e4a8ea,1
2416babca,1
819610fb0,1
eb532b20f,1
70ed9e868,1
a2ccb8eaf,1
577518f6f,1
3730297ef,1
78f4381c8,1
e155b3b53,1
d598cfa93,1
bde930da4,1
855f25b1e,1
a40c9723d,1
873449e22,1
c62e43019,1
314d76f98,1
9f43bda58,1
8611934a4,1
60af2c770,1
48657f903,1
399621268,1
d5bc869a8,1
c67bd5c3d,1
8741b2cc2,1
6da352736,1
5808046af,1
5005d96ce,1
4ba31d2ea,1
2df0aba2c,1
dac4939a0,1
418e3435e,1
f72b0e008,1
b2f49ee01,1
0488bf707,1
58897f560,1
04d2ba57a,1
29b2024e9,1
b3e88ec7f,1
75dc341b8,1
c7ee0c470,1
04f80d29b,1
a14c66d12,1
1db7f99bc,1
55b630e1f,1
b7d0d52dd,1
21e2dc73a,1
c41fbf78d,1
efe45118b,1
cfb14aad7,1
6a40617ef,1
c2d496062,1
09f67b429,1
f1956e0e9,1
abb35cc95,1
eeee093ac,1
45bf455e3,1
c7f8ad518,1
a9d1a6dfd,1
8d17c2e15,1
c10e58596,1
8cbeb50c2,1
4ec26a042,1
53deadf42,1
79e34f277,1
e008f1cc2,1
79173c987,1
ddf392ca0,1
0df3a3298,1
0d7c8ffc5,1
efd5bec3a,1
0552678e9,1
443f5d934,1
81b661d67,1
55eed657a,1
a22fc7d1e,1
3fc0ccb82,1
4518830bc,1
a637964c7,1
ed1253304,1
32a004c7a,1
523757be5,1
8f0c0a2ac,1
42feec906,1
38adad966,1
5696f4ec8,1
078611100,1
5ae353356,1
5e0f9c570,1
17f0269c3,1
ac3c97959,1
a51dadbba,1
58c1df9e3,1
442d8172e,1
ec09ce787,1
55566116b,1
6166e965e,1
ec4edc2e9,1
0633a59c5,1
859ca28af,1
0d434d652,1
81b3ef909,1
f3ef26e5f,1
11199db22,1
91731036c,1
76c7e75af,1
cf5c8f5ac,1
fe7bbf232,1
f8b94d228,1
ddc05ffe3,1
24813bdd4,1
1ff26db34,1
8264b4e84,1
7aea6a6d8,1
8da802c8a,1
d73da3f6e,1
de3fc9d2b,1
3350e680e,1
5c427bbbd,1
6e2db03de,1
4b393cb28,1
4f0eb9cd9,1
3753ab789,1
fa3174b75,0
19b80fb4d,1
75c776485,1
d64a4e098,1
3fd570f18,1
f2589e581,1
a40d1410c,1
28a18a6a9,1
f193a89c6,1
c261a9d39,1
139e9d198,1
3927c44f1,1
329466cab,1
7899c74ca,1
406315e8a,1
468c9b539,1
7d59a63ab,1
3100a668c,0
0558bb2d7,1
98ff9bd18,1
15863dd24,1
2571bf27c,1
70486b721,1
86a2a6881,1
0ed8aeda3,1
93af034ed,1
445c2346e,0
ec0c0de08,1
ee5030164,1
e80826775,1
c07ad164b,1
74ed8bba6,1
73136a0f5,1
a3c8f980e,1
11feed87f,1
e8ee45ee4,1
8c5ed1edf,1
002089611,1
d13424fb8,1
bf455fcb3,1
98069385c,1
bbc7d11ab,1
33b55525d,1
6e4400ae9,1
cacf485fa,1
800830095,1
a8463f72e,1
1bdcde33c,1
7d8636514,1
dadb1a6b3,1
e21d3fafa,1
b56066c70,1
a9abdb21c,1
c910d02ca,1
cb0203bd4,1
7b03034b5,1
2bc4682a9,1
80d7c5f14,1
9cef5fa38,1
7c343683c,1
3dc5e9891,1
43a36fa14,1
4c5df88e2,1
ab4574ea8,1
f93128a69,1
842a87632,1
dec6e72bf,1
580190a91,1
893a2c311,1
d4b22b144,1
0f6d67efb,1
01605d36c,1
eb23b2a17,1
def338514,1
646970bbf,1
4dcb34e2a,1
f79cf232b,1
07b2fd920,1
7dd97ecfe,1
f81ec307a,1
dbeabb6c3,1
8aeb5c315,1
fef7155c5,1
ae3384132,1
0bbbc724a,1
768735fd6,1
8f93b2622,1
930fc2079,1
3a824916d,0
68f0bebe7,1
ef1eaf326,1
58135580f,1
f521d86a5,1
f8cbe4ab2,1
9a8b2ee3c,1
2d75e8193,1
41706891b,1
b0c161d58,1
0c18817ce,1
92f11c3c9,0
1ce3e4cd7,0
944c4186b,1
58af3154a,1
17656ed15,1
79e886cc7,1
2a330889e,1
08800911c,1
2df8487c7,1
40d535194,1
98fc90990,1
5dbfedf80,1
939df27d9,1
56ee6d0ad,1
3ab3bf758,1
d4bf36d4b,1
ee0b0ba51,1
f26cd90d0,1
f4ed700fa,1
3baa3b163,1
6963de9b9,1
6c8fa1fba,1
4d26d4d58,1
b1e70a735,1
3c91e34b2,1
e441b5140,1
c40882867,1
87498cda6,1
59c6b0f2b,1
93d2beb10,1
424892190,1
2dc57d159,1
ad41951c8,1
355696a3e,0
e66114041,1
e7f480c5b,1
a38740c75,1
91b30b476,1
7f77d544f,1
7b4019eaa,1
62ca66948,1
0a27cf19d,1
a5749e81b,1
ac0565e4c,1
6ff05b0ef,1
4f6c5b764,1
d6608360d,1
a5f835b78,1
6aee9741d,1
7f260786e,1
415838cf0,1
b8fa2d646,1
c9677c095,1
e2b8e93c6,1
dfe80cfa0,1
1ce732cc5,1
975ddae58,1
cf62b409e,1
67fa6000b,1
60e98bd66,1
7e3a1d138,1
bc1ec216e,1
d95c92af6,1
bdad38533,1
c55c30d11,1
0b5242b0d,1
9d0a2b055,1
33782f0e0,1
ad49a3f77,1
34c3efb2f,1
7b988f74c,1
2801782b6,1
3081b57f5,1
79723bf88,1
cd753a884,1
d1d9609a6,1
e84d9ca3e,1
a73cb1747,1
4871993a6,1
c88c17694,1
57a97e9de,1
fc43a4b5f,1
88a5fda1a,1
b983ba0d5,1
6f3c17e85,1
f4c5c23da,1
e37fa5989,1
362056c17,1
502aed447,1
1cb5e5477,1
2b1d0c43d,0
3e8c5fbbb,1
6d141eff4,1
c0a34add3,1
1b15f9dce,1
9b6779955,1
8ec82a3c6,1
b98a21937,1
75a6186e3,1
12989e8d4,1
ed85de329,1
7b5e48a8e,1
9e3a2bb26,1
e7f26dd2a,1
1fa3bf58b,1
f4e86e265,1
aa57b9a86,1
b59d4aa34,1
a30579c92,1
c32912689,1
6783f6ecc,1
2edf001e3,1
e60fbf718,1
2835360ee,1
75868fcba,1
a6cbf7d3d,1
8308fc816,1
88e23d011,1
102d0ddd1,1
3ca4a01c2,1
f415a6480,1
50fe82e65,1
b88067ffb,1
20f7c55ea,1
7ea94297b,1
fa2e47881,1
660e270c0,1
32e7dc847,1
c3fb5f2d2,1
9f80c2dac,1
e27a4e01d,1
498c95749,1
a260e503d,1
f008a0b98,1
ce82d53f0,1
37eec0110,1
455594de4,1
29f5aa28b,1
c05f25e39,1
386e5d4dc,1
c78ff134a,1
6fb52d68e,1
9fdd40b99,1
85ee792ee,1
37241cb2d,1
8c382e6e6,1
818e0ae98,1
ac9a46be6,1
e6d73ee5e,1
f05caca2e,1
181e0995e,1
6c4e31ff4,1
9cc67af67,1
2dffde45b,1
8aa25140f,1
876de70bb,1
638a8f3c5,1
7da33af75,1
8935bd94f,1
04978fa5c,1
745bd4228,1
e6e8038c4,1
5e2ce2508,1
298e0e899,1
f16a2621f,1
4dfd7f46f,1
3a561640c,1
00c8a5254,1
dee83f1f3,1
b4baf0258,1
05d93f20b,1
9746bbe83,1
6c8fc6e8f,1
45538ddfb,1
b62b7f5b8,1
3c313d5d8,1
31dc9cfa4,1
82bac81fa,1
87872d82e,1
dbdbf9296,1
55d408cb8,1
b4c87cc29,1
2bb647d16,1
07af2a6b8,1
e07f48907,1
f3595ef5a,1
bcb02cffb,1
c88bcb58e,1
5f5642496,1
cbf99eb85,1
59f2cd37b,1
27d302a23,1
4abb1867a,1
dc5c7abdb,1
002efc654,1
d310b3bac,1
59432e3d6,1
4330d10a7,1
96f79176d,1
0ed10bc25,1
bcab0cceb,1
9c32ab9e6,1
25c4bbdac,1
f5b7a0d19,1
36a4e40d7,1
1c035b151,1
46c0b1465,1
9de5669c6,1
988f684fa,1
d89f7c7d5,1
078a750ec,1
1f8b61164,1
171d94554,1
61f979555,1
5a98c94bf,1
17b787e5f,1
be2dce744,1
afa3a8d80,1
ffbbed680,1
9304eef29,1
08206fa96,1
c7582e4d8,1
74effbe7b,1
bb8c46789,1
4a2f6d95f,1
ffc9bd892,1
c6a1fceab,1
342d2f01d,1
113541c60,1
ca6c7d843,1
22c02dba7,1
2b22b3b27,1
e6561df79,1
279b54c9f,1
577ad435f,1
3575a4235,1
6958224ae,1
7c1bf73d7,1
1b834ceb7,1
80ed5536d,1
6d6822ce6,1
10fee68e0,1
11a612e80,1
eabd3737a,1
504f7df66,1
ead10ce0b,1
139f84262,1
2d134abae,1
9100f5667,1
7dad7a683,1
f5b8c8a12,1
79d0931f6,1
df615c4f7,1
e1c451d2d,1
5222034a7,1
2864bc6c0,1
1c84540d7,1
f1a6b293d,1
8d9e94432,1
1904c9f75,1
85f591019,1
57126a03c,1
930ae76c8,0
e9e152296,1
b65a284a9,1
a78586662,1
6d92c1ff6,1
b2a3434ab,1
a04dfb55f,1
68e1a0e38,1
963661d40,1
84800ca47,1
6a92ce29a,1
9c74f1e52,1
f14f6d7c5,1
1a84ca4a0,1
9affe6be5,1
5ef33a2b3,0
8d34aa54b,1
95bc41609,1
bfdac9cee,1
dda2a6966,1
3a2cb5be8,1
0b2c8dd70,1
4f983f3ee,1
0c14eab73,1
cea98e1ab,1
4866e1bc1,1
fb34fb816,1
2b5ba8a36,1
45062ca1c,1
ad1ebfca0,1
935418037,1
a2d642640,1
d741c420e,1
06a4ee8e3,1
b24df21ac,1
b951818f3,1
ffc5dccdd,1
909f17843,1
c25d7adf6,1
11f2df8c0,1
59895a1d4,1
d7ab1bcc0,1
4ac6d89f1,1
3ee1cbfb5,1
d46b67376,1
93aab22af,1
c719a018f,1
0a00680eb,1
40f108d98,1
a2968f580,1
65d4edfaf,1
120dde8d1,1
dabff4779,1
8bf8d30ff,1
c0da8b13d,1
2a9efd9a9,1
715dd9e7d,1
79c81203d,1
0ac008083,1
6358b3642,1
4ecd78b51,1
1bfff15ee,0
567447f98,1
7d7cbe3da,1
79c9fdc2f,1
a472c88d1,1
764069c3d,1
26f53b03b,1
ecd39ce63,0
664e5cce2,1
412234a46,1
36445ac53,1
03c9f5406,1
6d84c2251,1
d7807e681,1
696a7b860,1
25493a244,1
835179386,1
33dd4f30a,1
7f828cd9c,1
d5687495e,1
ec71be2ab,1
474329e9b,1
ef6f7b33a,1
f2efb0fc2,1
5289587e1,1
63ecee81a,1
e316eb837,1
42fd84c54,1
713cb0aeb,1
6f5bafcb3,1
217699d93,1
de91d4747,1
c544699c7,1
0eb779abf,1
fd2a64242,1
5408d4a1e,1
b9372348e,1
baa42bd48,1
03884034e,1
04075492e,1
370b4fe8d,1
c064b0720,0
e543465a1,1
c197cb6de,1
eb31928f8,1
ea1af76cf,1
5ddd23d0e,1
76b0d23ac,1
66b94599f,1
12c5cbfa0,1
de6f0b495,1
803c11392,1
4a4967dc8,1
4c72b6ba4,1
5dbe15bdf,1
d4a58059f,1
d84e20526,1
1e1525298,1
3cbf7d95d,1
6e4ec7cdd,1
ca1098b68,1
6af548152,1
ab7a555c6,1
d23cb90ae,1
858e522bb,1
3003aa486,1
5d963ac54,1
39d0430f9,1
8241db7f9,1
9b1db3b0d,1
0df15f0ee,1
d685052df,1
3f8d41923,1
536b25e82,1
72ecffbed,1
0dd314125,1
c7e320b22,1
5f5370250,0
3e303fd0a,1
195ae4d90,1
65a324579,1
579e1ce6c,1
d77a23d8e,1
1874d0bb0,1
a476cc2a2,1
edc42eeff,1
06be5a37d,1
8b7117ef9,1
45339039a,1
6f8ac5065,1
9f5592d4b,1
f38a361f4,1
9719a4bc2,1
f0666c642,1
9ca285b35,1
fb42887f0,1
6ecbc3033,1
bbae08267,1
2e14d82b1,1
573efb3a1,1
aa8372dff,1
17211245e,1
2b130c519,1
dca8e7ec8,1
75403c09e,1
f33b863bf,1
9ab8c5dac,1
811e3c3c7,1
67202d9c9,1
e9a507001,1
1526fc621,1
15c8f8935,1
57feefcf0,1
6fda412c0,1
5d44638bb,1
6905c3150,1
08e585e1a,1
779d81f66,1
ee8483771,1
ad8d6bcc5,1
25415c79d,1
a2f04c0f7,1
6e99c052c,1
9df97f35b,1
a07ede5f6,1
1832f896b,1
5c458363b,1
e94e488a9,1
0f225be32,1
7b55fa473,1
5a561603f,1
a48a11af2,1
b354aa023,1
289553119,1
3fb9d5ea7,1
f5ffd4f5d,1
ecdf91c5e,1
781a3e249,1
142cddef4,1
d49c7fc09,1
1b6a0a4f2,1
20bdaaa94,1
f7eb097e1,1
0b7b6d9c1,1
b7f06c863,1
ea09c82a3,1
48302faf9,1
f89d30151,1
a89818d0d,1
608abb3fa,1
6b7d7d742,1
6a15f54c1,1
e929b5562,1
c10a394dc,1
4804f7339,1
96696a8dc,1
0668b4926,1
1d5524b77,1
589eff838,1
12ed68235,1
ddae84735,1
29184dab8,1
b8fd6a701,1
e7d8a6baf,1
c286ae17e,1
b597dc10d,1
5c041c0e2,1
c8303617a,1
5288df192,1
03193ad4e,1
af14e93a3,1
a99c10f75,1
e8cfefaf7,1
47ed42fa4,1
af1df99b8,1
af6ce458d,1
cb93f7764,1
d41e14226,1
c60f9ef7d,1
47282892a,1
6f9378cb6,1
54393bc98,1
5495eb643,1
138228197,1
1a88c3ed0,1
c3ff4238d,1
9a63d5fb3,1
a4b2866af,1
9247d935e,1
07c7ad4a5,1
5861379a1,1
8e0cad029,1
1de9505ff,1
2c9f73d55,1
f8f0cfa62,1
11885e103,1
3c88f00b0,1
8aa79a9ae,1
623768312,1
eefa95b87,1
672870193,1
17310fd52,1
aebcd204c,1
5e994e6de,1
960824328,1
f165ea771,1
6ce0d8d70,1
ac7007d02,1
fca8b5bf3,1
5b8c45f0c,1
e022a1a0e,1
bcce083e2,1
65d41686a,1
12f1b203e,1
1a47e586c,1
2550ca216,1
464100dfc,1
2ef2f33d0,1
5fe29c2d4,1
6087ade71,1
9646d895b,1
cfd81212c,1
649899b38,1
6767354cd,1
ee5590a4d,1
0c25626fd,1
f86a032c9,1
23d8a4568,1
0119a01ca,1
b10be6346,1
f59e738de,1
3865c0878,1
5fa68411b,1
e7252c4ee,1
c7ea2f356,1
e4d8e2cad,1
8b39bdfea,1
192f5b9c8,1
e321e9619,1
41a75d283,1
44ba20fa9,1
ea330435b,1
2a4074285,1
3d9e5f868,1
cb2063971,1
6dc1c0018,1
3dd6b42ef,1
542af6f78,1
148833e93,1
e9cc586d2,1
868b30899,1
d57771a2b,1
6a5fb976d,1
ef50b03bf,1
b2985c2b7,1
d7c605337,1
2f9fbcf53,1
64f59ce65,1
bda97efe4,1
25ef813ac,1
90af27318,1
e597a9504,1
3bb0e0576,1
9ba2dfcab,1
39f7260a4,1
b0c5ce033,1
59240a190,1
3203d1fe8,1
bd348bdea,1
a3f81690b,1
d64e3a002,1
6004585d7,1
c009f5343,1
511ee73a8,1
34eb88de0,1
16431776a,1
422f0f904,1
354ad677f,1
0872f893a,1
77429ca16,1
eb43bfd87,1
074487b2c,1
e92da4568,1
1c57e4387,1
6c510886d,1
85b2d0193,1
ead6d89ed,1
721dedbc6,1
4fec3595a,1
6c0f41257,1
632c3bffd,1
fe7f27615,1
e4c8a0832,1
696b608b8,1
fcec8dd3e,1
ce7b71e62,1
3bfbf0288,1
d5c5e0420,1
a6c2d8124,1
e09e77e2e,1
1b5e097c9,1
b79af4a4a,1
0ccbcf2b0,1
141aed83f,1
dcb65c540,1
f5b4fd821,1
c6225ffe3,1
e8ab9d3bd,1
b0cbbd20c,1
6240b64c3,1
2132cc55e,1
b16a99460,1
3734b6fdb,1
e50d0a67b,1
27d8bba63,1
acc8763bc,1
1fe9b67e5,1
8b1140cab,1
9964c2520,1
e38ecd527,1
e0d18a007,1
39f01e829,1
8c841f023,1
f8b221b42,1
8e46e46ec,1
dc773ef06,1
d8c70bc6c,1
58b99e166,1
99d7419fd,1
dfdebd462,1
9dc2594e0,1
c1cf3007b,1
96ce6f4a8,1
e6d1ea8a7,1
e1c1c681b,1
c6a3436f7,1
2aa43dabd,1
6c2d4467e,1
1e39eb7fa,1
95f4e925c,1
a17b0f14f,1
b2bac2087,1
ecd1818d6,1
99cd3d74e,1
5dcdcf95f,1
983822ba0,1
095d1234c,0
86ee9f32f,1
51671053b,1
5af74be59,1
0aabc201c,1
4c31e01d0,1
1a5334fb0,1
acc8f0372,1
84c7efd3d,1
19701e571,1
17bc2100b,1
2425e8c69,1
f764e80d0,1
29da21a92,1
28d5aa3c7,1
f8efa9a08,1
835babbf8,1
b01c74871,1
2c39ce6a5,1
59ca9b763,1
fe3cdfc6e,1
bf974099a,1
5407c2562,1
6c7e68bf2,0
276022cac,1
48149dae3,1
18de9f734,1
1803142d3,1
0e2f3fcdd,1
15aa99ed3,1
9689c2ce6,1
50309182e,1
a98e7398d,1
baf77a776,1
317e30302,1
66e2210dc,1
820eb41d1,1
b5b619667,1
6200d5dee,1
cfb7c82c6,1
ebcaa9c20,1
8f2b809a0,1
2f88367be,1
1e9da6a08,1
2e6e64c39,1
367b12c4b,1
b674c8692,1
c4adfc9a5,1
16f35966b,1
c31b38a7d,1
f99cd03b2,1
fad2e38e5,1
6931cb084,1
7d736761c,1
19addac4e,1
a4e656a52,1
fc7213f19,1
736b22298,1
15cf69c03,1
fb751ef23,1
32db5a03e,1
fe90ce601,1
ddc481283,1
636417c9a,1
fe467b074,1
b27f59dba,1
a958e3b39,1
7835ec638,1
d48f61ac3,1
c7aac749d,1
055e6b68e,1
26e208a04,1
edbd2aefd,1
634990551,1
7fa306eb1,1
00e3e33ad,1
7d2eb09db,1
1bf2c57ac,1
2d7ae4a37,1
83ea43422,1
5992ab728,1
7791a7bb5,1
43fe9e1f1,1
1b5167d86,1
782200e7b,1
48e1140e5,1
f3cb7653e,1
444a8d24c,1
2b0c1563d,1
3d41cba5a,1
4e0eeab08,1
ade5e46bc,1
15a45ff6b,1
bdda2f67c,1
adb1bb404,1
ef5b7fd86,1
30148cda8,1
04109f4bb,1
bbe1feff9,1
50aad8ba1,1
23ede6767,1
c6cb5b8f0,1
df551942c,1
4967721ea,1
0162ff4ad,1
67889f775,1
455947671,1
2b5cfe4ed,1
9c4036fbe,1
f4b357be8,1
394110038,1
f2b0a2d4d,1
5c2d4351c,1
7e60bb943,1
3b15925d2,1
018fb14a0,1
80380a36a,1
760432bfc,1
c7a9d12b5,1
db06ea8e6,1
bb61d0643,1
27aa3c655,1
bbad9d7e6,1
28827dfdc,1
63215f3a2,1
996c0bb25,1
7dcbd44c9,1
250535a24,1
96707f647,0
39068e0f9,1
e21801eb0,1
aceaf9624,1
ed7641639,1
bea2534d3,1
fe0df7f68,1
ba96a9996,1
b844b6e78,1
c778ea892,1
86e923f63,1
1defc9276,1
446141be2,1
8c23d699b,1
1302c2f0f,1
9576538df,1
b05179874,1
693b37f08,1
f3f934d64,1
0f772af0e,1
31198cb23,1
3a15e2c9a,1
117433fdd,1
8f032b749,1
7f9077318,1
05ad15116,1
f106c74a1,1
5daebea1b,1
d9f9cba10,1
d5890f7ed,1
f19b41d55,1
e00789295,1
e19b3715d,1
b06caed1e,1
bc1b18dd9,1
fdbaf8057,1
41309214f,1
63a6d82cd,1
28d5ac2cd,1
299a72383,1
e98ba5408,1
61acd419c,1
2c7898e5e,1
2e03d576b,1
94a25d5df,1
9d279292a,1
190bf1da2,1
58be8697d,1
589be847f,1
be16e9744,1
7f1c432b5,1
41f16e3c4,1
7c30bce68,1
406c985ad,1
7fe030a19,1
26ac97f06,1
49b955c82,1
56968d159,1
07d1477b0,1
e873c1fbf,1
05e0673ef,1
23e429b3f,1
86b3c060a,1
1141726af,1
94ffdf699,1
06479fca1,1
5829cd149,1
a081c176e,1
69a6541ea,1
55cfab38a,1
f734c3ec0,1
95efa1725,1
5abad9f6a,1
5523bbf0e,1
ce495cd71,1
6a8816e22,1
216e877d0,1
264dc373b,1
f140354e7,1
e3e542f2e,1
6ff0e562c,1
df5c256a4,1
d10b772b0,1
61dd5b10e,1
8f8a0c255,1
918352f14,1
7c4db8441,1
821a4c853,1
6298555f4,1
be0ad7e94,1
75e6c78fd,1
23c8e93e7,1
349b02b67,1
5945e7484,1
284d4dd1f,1
6a73ddcb1,1
19653e9f4,1
e14bf9875,1
90b887774,1
4a5f31a13,1
a848b0e4d,1
0486bbdd0,1
8aa0b76a3,1
023772a40,1
f9b8b3067,1
5ac194c70,1
d85728f92,1
fcb21fe20,1
4fa94b6c0,1
5a44b1849,1
83de7a45d,1
052225ae9,1
779c9537b,1
6f151517d,0
a1940823a,1
57d3a857e,1
2ba2db973,1
0cdd2842f,1
f8de7a61d,1
7739949aa,1
93c707905,1
fafff856b,1
5511f0864,1
890ec902c,1
8a837d244,1
6722b9705,1
187b47e89,1
e68ecf907,1
db6c077d0,1
acbd61638,1
9b0b7160d,1
e1af6d264,1
b7487278a,1
44dec604b,1
72686278a,1
9f4caca0f,1
51029793e,1
0705701d9,1
9c8a01226,1
66fd6705a,1
e4a715be4,1
759a48292,1
57a0b3def,1
7c9f999a0,1
6387fd0b7,1
47ebd0e43,1
d2553fbf5,1
afe8eca60,1
8865451b9,1
31822feba,1
4beab1c3c,1
ea6d84c73,1
093f709d7,1
15dff57fc,1
a691ef2a1,1
eea8e2b57,1
e7197c3e4,1
34a2402b3,1
bb6aead09,1
8ec8828d8,1
2baa835f4,1
275ad28b9,1
2fec25579,1
ae57f8d52,1
83432904d,1
399013029,1
fd80b8c80,1
493ed84ae,1
